,City Name,Humidity,Cloudiness,Wind Speed,Latitude,Longitude,Max Temperature (C),Max Temperature (F)
0,Bengkulu,85,99,0.92,-3.8004,102.2655,25,77.0
1,Castro,98,100,4.42,-24.7911,-50.0119,13,55.4
2,Dikson,96,100,9.49,73.5069,80.5464,0,32.0
3,Ambilobe,79,2,2.3,-13.2,49.05,19,66.2
4,Qaanaaq,89,100,3.06,77.484,-69.3632,-10,14.0
5,Valentín Gómez Farías,48,73,3.05,28.2167,-106.5833,21,69.8
6,Lichinga,41,0,3.53,-13.3128,35.2406,16,60.8
7,Sinnamary,87,100,5.21,5.3833,-52.95,26,78.8
8,Tieli,74,36,4.62,46.95,128.05,11,51.8
9,Saint Anthony,90,40,3.6,45.0205,-93.218,3,37.4
10,Cidreira,70,96,7.72,-30.1811,-50.2056,16,60.8
11,Cape Town,80,51,4.92,-33.9258,18.4232,16,60.8
12,Punta Arenas,62,40,11.32,-53.15,-70.9167,11,51.8
13,Port Alfred,97,100,6.02,-33.5906,26.891,16,60.8
14,Ushuaia,50,40,8.23,-54.8,-68.3,12,53.6
15,Mossamedes,86,73,3.32,-15.1961,12.1522,19,66.2
16,Nkhotakota,46,2,2.06,-12.9274,34.2961,22,71.6
17,Shuangyang,65,0,3.73,43.5242,125.6736,13,55.4
18,Hithadhoo,71,17,6.5,-0.6,73.0833,27,80.6
19,Daru,86,94,5.85,-9.0763,143.2092,27,80.6
20,Fare,76,0,5.88,-16.7,-151.0167,26,78.8
21,Bethel,85,0,0.0,41.3712,-73.414,12,53.6
22,Bredasdorp,87,100,5.48,-34.5322,20.0403,14,57.2
23,Lompoc,93,100,2.57,34.6391,-120.4579,20,68.0
24,Leningradskiy,74,9,2.08,69.3833,178.4167,-8,17.6
25,Mataura,37,0,1.42,-46.1927,168.8643,19,66.2
26,Sabancuy,82,100,2.98,18.9667,-91.1833,26,78.8
27,Grindavik,81,75,10.8,63.8424,-22.4338,3,37.4
28,Rikitea,72,5,4.03,-23.1203,-134.9692,23,73.4
29,Sisimiut,74,64,4.46,66.9395,-53.6735,-3,26.6
30,Talaya,91,93,1.12,61.3833,152.75,-12,10.399999999999999
31,Vao,62,8,4.89,-22.6667,167.4833,20,68.0
32,Quryq,61,99,3.91,43.2,51.65,14,57.2
33,Kapaa,78,100,7.2,22.0752,-159.319,27,80.6
34,Tasiilaq,60,22,4.2,65.6145,-37.6368,-2,28.4
35,Jamestown,57,20,2.06,42.097,-79.2353,9,48.2
36,Mahibadhoo,80,100,6.18,3.7833,72.9667,26,78.8
37,Saskylakh,90,100,7.03,71.9167,114.0833,-3,26.6
38,Kaeo,80,47,5.57,-35.1,173.7833,17,62.6
39,Provideniya,79,73,4.19,64.3833,-173.3,0,32.0
40,Rørvik,87,40,2.57,64.8621,11.2373,7,44.6
41,Ketchikan,100,100,4.12,55.3422,-131.6461,13,55.4
42,Albany,85,0,1.58,42.6001,-73.9662,9,48.2
43,Laguna,43,0,3.09,38.421,-121.4238,30,86.0
44,Aldan,95,100,3.3,58.6031,125.3894,-2,28.4
45,Poum,63,10,3.5,-20.2333,164.0167,23,73.4
46,Atuona,79,4,7.37,-9.8,-139.0333,25,77.0
47,Busselton,73,23,2.87,-33.65,115.3333,13,55.4
48,Cherskiy,92,100,3.09,68.75,161.3,-13,8.600000000000001
49,George Town,89,40,1.54,5.4112,100.3354,26,78.8
50,Severo-Kuril'sk,80,7,3.53,50.6789,156.125,8,46.4
51,Chumikan,73,100,5.89,54.7183,135.315,7,44.6
52,Manche,97,100,3.31,49.0,-1.1667,15,59.0
53,Dondo,95,5,1.12,-19.6094,34.7431,20,68.0
54,Bluff,58,0,2.33,-46.6,168.3333,12,53.6
55,Saint-Philippe,74,31,4.81,-21.3585,55.7679,18,64.4
56,Olafsvik,71,67,11.88,64.8945,-23.7142,2,35.6
57,Upernavik,96,100,3.3,72.7868,-56.1549,-5,23.0
58,Valparaíso,67,0,1.54,-33.0393,-71.6273,14,57.2
59,Port Townsend,61,0,2.57,48.117,-122.7605,20,68.0
60,Tessalit,8,0,5.26,20.1986,1.0114,27,80.6
61,Tabou,88,100,3.2,4.423,-7.3528,24,75.2
62,Lorengau,63,80,4.47,-2.0226,147.2712,30,86.0
63,Berestechko,94,51,3.12,50.3605,25.1107,5,41.0
64,Halifax,92,100,4.92,44.6453,-63.5724,15,59.0
65,Mahébourg,74,43,5.44,-20.4081,57.7,20,68.0
66,Sambava,87,10,4.14,-14.2667,50.1667,19,66.2
67,Hilo,74,75,5.14,19.7297,-155.09,30,86.0
68,Dakar,80,100,4.86,14.6937,-17.4441,25,77.0
69,Morón,73,100,4.82,-34.6534,-58.6198,14,57.2
70,Talnakh,99,100,3.67,69.4865,88.3972,0,32.0
71,Ilulissat,63,100,0.51,69.2167,-51.1,-2,28.4
72,Matara,91,100,3.36,5.9485,80.5353,24,75.2
73,Sioux Lookout,95,99,1.02,50.1001,-91.917,-1,30.2
74,Praia,88,20,6.17,14.9215,-23.5087,25,77.0
75,Ribeira Grande,79,100,4.92,38.5167,-28.7,19,66.2
76,Verāval,44,4,5.25,20.9,70.3667,25,77.0
77,Imbituba,91,100,4.46,-28.24,-48.6703,18,64.4
78,Iqaluit,92,57,2.68,63.7506,-68.5145,-2,28.4
79,Butaritari,72,90,7.49,3.0707,172.7902,27,80.6
80,Chokurdakh,95,97,3.74,70.6333,147.9167,-11,12.2
81,Ponta do Sol,57,46,1.94,32.6667,-17.1,21,69.8
82,Yellowknife,55,9,8.05,62.456,-114.3525,0,32.0
83,Russell,94,0,0.0,32.3502,-85.1999,17,62.6
84,Beloha,60,0,3.4,-25.1667,45.05,21,69.8
85,Gazli,28,0,5.44,40.1333,63.45,15,59.0
86,Dŭstí,17,5,2.19,37.3481,68.664,14,57.2
87,Zhezkazgan,51,100,2.97,47.8043,67.7144,10,50.0
88,Khuzhir,64,97,7.22,53.1939,107.3397,1,33.8
89,Port Lincoln,55,100,2.7,-34.7333,135.8667,15,59.0
90,East London,83,100,3.9,-33.0153,27.9116,18,64.4
91,Longyearbyen,68,40,4.12,78.2186,15.6401,-5,23.0
92,Nong Bua,92,100,3.31,15.8646,100.5858,20,68.0
93,Saint George,11,0,2.06,37.1041,-113.5841,29,84.2
94,Lebu,86,0,8.56,-37.6167,-73.65,10,50.0
95,Inuvik,78,100,1.66,68.3499,-133.7218,-6,21.2
96,Harsīn,31,6,2.21,34.2721,47.5861,14,57.2
97,Khatanga,98,100,7.54,71.9667,102.5,0,32.0
98,Wufeng,75,98,1.1,27.45,104.8333,8,46.4
99,Kavaratti,76,88,1.09,10.5669,72.642,27,80.6
100,Anta,69,0,1.32,25.15,76.3,20,68.0
101,Amapá,80,7,1.38,1.0,-52.0,23,73.4
102,Puerto Ayora,93,65,3.58,-0.7393,-90.3518,19,66.2
103,Kalmunai,87,99,2.25,7.4167,81.8167,25,77.0
104,Nishihara,92,75,8.23,26.1842,127.7558,28,82.4
105,Pevek,91,99,4.25,69.7008,170.3133,-9,15.8
106,La Ronge,40,100,4.37,55.1001,-105.2842,6,42.8
107,Atbasar,57,100,1.96,51.8,68.3333,8,46.4
108,Loei,97,100,0.76,17.4167,101.5,15,59.0
109,Kwang Binh,88,100,9.84,17.4833,106.6,23,73.4
110,La Romana,94,40,0.0,18.4273,-68.9728,26,78.8
111,Faya,56,13,1.62,18.3851,42.4509,14,57.2
112,Nouadhibou,87,0,8.29,20.931,-17.0347,20,68.0
113,Takoradze,90,92,3.64,4.8845,-1.7554,24,75.2
114,Mineros,94,93,1.72,-17.1167,-63.2333,18,64.4
115,Mar del Plata,71,0,8.49,-38.0023,-57.5575,10,50.0
116,Port Shepstone,84,100,4.95,-30.7414,30.455,19,66.2
117,Xique-Xique,37,14,6.7,-10.8218,-42.7263,27,80.6
118,Tigil',98,100,4.15,57.8,158.6667,2,35.6
119,Marsá Maţrūḩ,54,68,7.71,31.3525,27.2453,23,73.4
120,Airai,58,96,1.55,-8.9266,125.4092,22,71.6
121,Riviere-au-Renard,94,100,3.95,48.9957,-64.3971,10,50.0
122,Concepción,82,0,4.63,-36.827,-73.0498,12,53.6
123,Belyy Yar,94,6,0.0,53.6039,91.3903,-4,24.8
124,Tuktoyaktuk,80,100,7.83,69.4541,-133.0374,-2,28.4
125,Coquimbo,87,0,2.06,-29.9533,-71.3436,12,53.6
126,Black River,82,100,2.45,18.0264,-77.8487,26,78.8
127,Barrow,64,100,4.12,71.2906,-156.7887,0,32.0
128,Port Elizabeth,99,100,1.34,-33.918,25.5701,16,60.8
129,Nuuk,47,100,7.2,64.1835,-51.7216,0,32.0
130,Masterton,68,100,3.05,-40.9597,175.6575,13,55.4
131,Port-Gentil,92,100,7.4,-0.7193,8.7815,24,75.2
132,Oranjemund,93,100,6.63,-28.55,16.4333,14,57.2
133,Meulaboh,88,98,1.31,4.1363,96.1285,24,75.2
134,Hastings,99,12,4.06,50.8552,0.5729,12,53.6
135,Shingū,64,0,1.62,33.7333,135.9833,24,75.2
136,Kokopo,59,73,2.3,-4.352,152.2633,29,84.2
137,Arraial do Cabo,93,70,4.27,-22.9661,-42.0278,22,71.6
138,Terme,79,100,1.33,41.2092,36.9739,13,55.4
139,Jalu,76,59,4.95,29.0331,21.5482,21,69.8
140,Hobart,63,75,7.2,-42.8794,147.3294,15,59.0
141,Saldanha,86,63,7.35,-33.0117,17.9442,14,57.2
142,Palmer,80,92,1.18,42.1584,-72.3287,13,55.4
143,Weligama,91,99,3.27,5.9667,80.4167,24,75.2
144,Sur,39,7,3.84,22.5667,59.5289,25,77.0
145,Mattru,94,86,1.1,7.6244,-11.8332,22,71.6
146,Paamiut,54,16,6.94,61.994,-49.6678,1,33.8
147,Terney,62,9,0.83,45.0503,136.6092,15,59.0
148,Havre-St-Pierre,93,100,6.17,50.2334,-63.5986,10,50.0
149,Nanortalik,70,19,3.61,60.1432,-45.2371,0,32.0
150,Loviisa,88,100,3.81,60.4566,26.2251,9,48.2
151,Luanda,84,100,4.2,-8.8368,13.2343,24,75.2
152,Honiara,61,100,1.88,-9.4333,159.95,30,86.0
153,Avarua,78,5,5.14,-21.2078,-159.775,26,78.8
154,Doka,77,5,2.83,13.5167,35.7667,23,73.4
155,Flinders,57,1,1.79,-34.5833,150.8552,23,73.4
156,Annonay,90,0,1.83,45.2397,4.6708,17,62.6
157,Lavrentiya,78,47,2.4,65.5833,-171.0,0,32.0
158,Hermanus,86,100,7.24,-34.4187,19.2345,14,57.2
159,Sitka,87,100,3.09,57.0531,-135.33,8,46.4
160,Yar-Sale,89,100,3.68,66.8333,70.8333,3,37.4
161,Acapulco de Juárez,85,34,0.46,16.8634,-99.8901,26,78.8
162,New Norfolk,65,100,2.68,-42.7826,147.0587,15,59.0
163,Codrington,64,100,5.53,-38.2667,141.9667,15,59.0
164,Vila Velha,85,75,4.12,-20.3297,-40.2925,24,75.2
165,Bandarbeyla,89,27,4.32,9.4942,50.8122,24,75.2
166,Ahipara,64,89,3.53,-35.1667,173.1667,16,60.8
167,Beringovskiy,67,100,0.58,63.05,179.3167,0,32.0
168,Khovd,47,7,0.57,48.0056,91.6419,-2,28.4
169,Susa,21,0,1.5,32.1942,48.2436,26,78.8
170,Luwuk,63,100,1.79,-0.9516,122.7875,29,84.2
171,Akureyri,97,100,5.15,65.6835,-18.0878,0,32.0
172,Zambezi,26,0,2.88,-13.5432,23.1047,16,60.8
173,Rawson,31,3,8.4,-43.3002,-65.1023,16,60.8
174,Kamenka,74,16,2.64,51.3223,42.7678,2,35.6
175,Paka,80,20,1.05,4.6374,103.4368,26,78.8
176,Fortuna,86,100,2.57,40.5982,-124.1573,16,60.8
177,Nikolskoye,89,94,2.93,59.7035,30.7861,7,44.6
178,Avesta,99,100,1.49,60.1455,16.1679,6,42.8
179,Naze,88,98,6.91,28.3667,129.4833,25,77.0
180,Lexington Park,86,0,0.0,38.2668,-76.4538,14,57.2
181,Mikhaylovsk,93,0,2.0,45.1283,42.0256,6,42.8
182,Nova Era,70,16,0.69,-19.75,-43.0375,19,66.2
183,Abu Samrah,76,100,1.98,35.3029,37.1841,18,64.4
184,São Filipe,80,30,4.4,14.8961,-24.4956,25,77.0
185,Geraldton,59,0,4.63,-28.7667,114.6,16,60.8
186,The Valley,75,9,6.66,18.217,-63.0578,27,80.6
187,Vardø,93,100,2.06,70.3705,31.1107,4,39.2
188,Omboué,96,100,4.83,-1.5746,9.2618,23,73.4
189,Muroto-misakicho,67,0,2.94,33.2833,134.15,22,71.6
190,Coyhaique,66,0,1.54,-45.5752,-72.0662,8,46.4
191,Waipawa,68,100,4.3,-41.4122,175.5153,10,50.0
192,Inverell,48,0,1.34,-29.7833,151.1167,22,71.6
193,Baker City,27,0,4.63,44.7749,-117.8344,20,68.0
194,Colares,86,1,8.05,38.7992,-9.4469,18,64.4
195,Tsuchiura,88,100,3.19,36.0905,140.2105,22,71.6
196,Marystown,77,98,0.11,47.1666,-55.1483,10,50.0
197,Yurgamysh,76,100,2.07,55.3714,64.4656,7,44.6
198,Namatanai,64,61,2.81,-3.6667,152.4333,30,86.0
199,Narsaq,68,67,3.53,60.9167,-46.05,0,32.0
200,Teeli,59,10,0.23,51.0333,90.2333,-3,26.6
201,North Bend,89,75,3.6,43.4065,-124.2243,22,71.6
202,Mogadishu,83,83,5.23,2.0371,45.3438,24,75.2
203,Saint Paul Harbor,87,100,10.8,57.79,-152.4072,7,44.6
204,Garoowe,77,0,5.76,8.4054,48.4845,23,73.4
205,Bambous Virieux,73,39,5.5,-20.3428,57.7575,20,68.0
206,Hong Kong,54,8,2.68,22.2855,114.1577,27,80.6
207,Storm Lake,52,20,5.66,42.6411,-95.2097,5,41.0
208,Ayan,56,29,1.57,56.45,138.1667,5,41.0
209,Chui,61,70,4.18,-33.6971,-53.4616,12,53.6
210,Mayumba,91,100,3.31,-3.432,10.6554,24,75.2
211,Ulety,64,96,7.33,51.3572,112.4849,0,32.0
212,Khasan,56,3,1.68,42.4308,130.6434,15,59.0
213,Vaini,69,20,6.69,-21.2,-175.2,28,82.4
214,Fairfield,87,0,0.0,41.2668,-73.3162,12,53.6
215,Mathbaria,89,6,1.95,22.2876,89.9593,25,77.0
216,Béja,85,2,2.51,36.7256,9.1817,17,62.6
217,Assiniboia,45,100,4.54,49.6334,-105.9845,12,53.6
218,Wanning,81,100,7.07,18.8003,110.3967,26,78.8
219,Filingué,57,9,4.39,14.3521,3.3168,28,82.4
220,Farsø,97,91,3.34,56.7728,9.3393,9,48.2
221,San Cristobal,96,69,0.63,7.7669,-72.225,20,68.0
222,Arrondissement de Toul,94,100,7.2,48.6667,5.9167,16,60.8
223,Bull Savanna,85,100,3.62,17.8868,-77.5902,25,77.0
224,Tiksi,89,100,3.99,71.6872,128.8694,-9,15.8
225,Yenagoa,94,100,1.76,4.9247,6.2642,22,71.6
226,Sovetskiy,93,97,1.66,61.3614,63.5842,2,35.6
227,Arman',56,54,2.87,59.7,150.1667,-3,26.6
228,Buin,48,0,2.55,-33.7333,-70.75,21,69.8
229,Ancud,84,10,2.62,-41.8697,-73.8203,7,44.6
230,Zemio,94,100,0.87,5.0314,25.1361,20,68.0
231,Dunedin,64,3,3.13,-45.8742,170.5036,13,55.4
232,Okrika,94,100,1.15,4.7416,7.0849,22,71.6
233,Mariakani,94,87,1.96,-3.8633,39.4736,18,64.4
234,Glossa,79,100,3.51,35.4717,23.7763,17,62.6
235,Bintulu,85,100,1.95,3.1667,113.0333,26,78.8
236,Aswān,37,7,3.96,24.0934,32.907,22,71.6
237,Asău,92,99,1.2,46.4333,26.4,8,46.4
238,Bonavista,82,100,3.51,48.6499,-53.1147,11,51.8
239,Kavieng,69,25,4.8,-2.5744,150.7967,29,84.2
240,Nioro,92,100,2.02,13.35,-15.75,24,75.2
241,San Quintín,74,35,3.53,30.4833,-115.95,19,66.2
242,Qasigiannguit,79,92,1.68,68.8193,-51.1922,-2,28.4
243,Kaitangata,53,0,4.4,-46.2817,169.8464,15,59.0
244,Itarema,81,89,6.42,-2.9248,-39.9167,25,77.0
245,Esim,88,100,3.56,4.8699,-2.2405,24,75.2
246,Eureka,84,2,0.89,40.8021,-124.1637,16,60.8
247,Tynda,99,100,5.42,55.1667,124.7167,1,33.8
248,Bolpur,80,0,2.71,23.6667,87.7167,23,73.4
249,Salalah,78,75,2.57,17.0151,54.0924,25,77.0
250,Adrar,21,100,4.25,20.5022,-10.0711,29,84.2
251,Ruteng,73,56,0.73,-8.6136,120.4721,22,71.6
252,Srīsailain,91,100,1.01,16.0833,78.8667,21,69.8
253,Hay River,58,54,5.99,60.8156,-115.7999,0,32.0
254,Matane,85,100,6.77,48.8286,-67.522,14,57.2
255,Lukiv,94,47,3.19,51.0521,25.4006,5,41.0
256,Moose Factory,73,100,4.2,51.2585,-80.6094,7,44.6
257,Mwingi,78,96,2.31,-0.9344,38.0601,17,62.6
258,Wukari,97,100,1.8,7.85,9.7833,22,71.6
259,Vung Tau,77,91,4.44,10.346,107.0843,24,75.2
260,Bathsheba,83,20,5.14,13.2167,-59.5167,27,80.6
261,Hualmay,83,1,4.22,-11.0964,-77.6139,16,60.8
262,Eilat,68,0,2.57,29.5581,34.9482,21,69.8
263,Atambua,58,68,0.44,-9.1061,124.8925,28,82.4
264,Kruisfontein,92,100,5.73,-34.0033,24.7314,14,57.2
265,Cascais,86,0,8.05,38.6979,-9.4215,18,64.4
266,Avera,42,0,1.72,33.194,-82.5271,14,57.2
267,High Level,44,0,2.96,58.5169,-117.136,3,37.4
268,Ouallam,55,42,3.8,14.3188,2.0866,28,82.4
269,Merauke,67,100,3.92,-8.4667,140.3333,30,86.0
270,Tateyama,84,99,7.53,34.9833,139.8667,20,68.0
271,Forsytheganj,87,52,3.26,52.6333,29.7333,4,39.2
272,Labytnangi,95,100,1.54,66.6572,66.4183,3,37.4
273,Touros,79,65,7.16,-5.1989,-35.4608,25,77.0
274,Staicele,96,37,2.69,57.8364,24.75,6,42.8
275,Makakilo City,69,100,5.66,21.3469,-158.0858,28,82.4
276,Vanimo,69,100,3.28,-2.6741,141.3028,29,84.2
277,Eyl,87,5,5.51,7.9803,49.8164,24,75.2
278,Rumuruti,77,63,2.84,0.267,36.5389,13,55.4
279,Maningrida,51,100,5.56,-12.0667,134.2667,32,89.6
280,Vila Franca do Campo,84,97,3.18,37.7167,-25.4333,20,68.0
281,Am Timan,53,97,1.78,11.0297,20.2827,23,73.4
282,Nikolayevsk-on-Amur,65,12,1.21,53.1406,140.73,9,48.2
283,Lisburn,85,100,4.12,54.5234,-6.0353,9,48.2
284,Hokitika,64,82,2.73,-42.7167,170.9667,13,55.4
285,Bezenchuk,80,100,2.69,52.982,49.4333,3,37.4
286,Lüderitz,69,37,8.03,-26.6481,15.1594,16,60.8
287,Jackson,29,0,0.11,42.4165,-122.8345,28,82.4
288,Piaçabuçu,83,19,2.75,-10.4056,-36.4344,22,71.6
289,Río Gallegos,47,75,4.12,-51.6226,-69.2181,13,55.4
290,Gamba,91,100,2.87,-2.65,10.0,24,75.2
291,Jinan,43,100,0.81,36.6683,116.9972,19,66.2
292,Weymouth,94,40,3.09,42.2209,-70.9398,16,60.8
293,Khandyga,86,62,0.6,62.6667,135.6,-5,23.0
294,Cikarang,69,100,0.91,-6.2611,107.1528,28,82.4
295,Waingapu,59,53,2.84,-9.6567,120.2641,29,84.2
296,Excelsior Springs,39,0,3.09,39.3392,-94.2261,19,66.2
297,Mezen',97,100,3.13,65.8522,44.24,5,41.0
298,Kuching,94,20,1.03,1.55,110.3333,26,78.8
299,Kahului,71,40,6.69,20.8947,-156.47,31,87.8
300,Thompson,100,100,4.63,55.7435,-97.8558,1,33.8
301,Phayao,93,100,0.79,19.25,100.25,21,69.8
302,Pucallpa,83,75,3.09,-8.3791,-74.5539,24,75.2
303,Kormilovka,55,91,1.97,55.0026,74.1028,5,41.0
304,Taoudenni,10,1,3.29,22.6783,-3.9836,31,87.8
305,Manzhouli,52,6,10.69,49.6,117.4333,1,33.8
306,Lewiston,97,100,0.0,44.1003,-70.2148,17,62.6
307,Yangi Marg`ilon,46,38,3.09,40.4272,71.7189,11,51.8
308,Camaná,77,100,2.39,-16.6228,-72.7111,16,60.8
309,Dingle,75,61,2.93,10.9995,122.6711,28,82.4
310,Bangassou,98,100,0.21,4.7413,22.8184,19,66.2
311,Homer,63,0,8.49,59.6425,-151.5483,8,46.4
312,Clyde River,84,100,5.85,70.4692,-68.5914,-3,26.6
313,Ostrovnoy,96,100,1.86,68.0531,39.5131,6,42.8
314,Margate,94,7,0.45,51.3813,1.3862,12,53.6
315,Edd,55,0,3.99,13.9297,41.6925,29,84.2
316,Fukuechō,75,7,6.78,32.6881,128.8419,22,71.6
317,Rottingdean,95,19,4.6,50.8098,-0.0594,12,53.6
318,Iquique,72,28,0.41,-20.2208,-70.1431,16,60.8
319,La Providencia,66,94,6.06,28.7167,-111.5833,29,84.2
320,Mehamn,87,98,4.12,71.0357,27.8492,1,33.8
321,Lavaca,82,13,3.49,28.615,-96.6261,26,78.8
322,Mount Gambier,55,100,4.47,-37.8333,140.7667,15,59.0
323,Ulladulla,56,8,3.41,-35.35,150.4667,18,64.4
324,João Pinheiro,34,100,2.67,-17.7425,-46.1725,23,73.4
325,Pangkalanbuun,81,100,0.35,-2.6833,111.6167,27,80.6
326,Karumbākkam,82,53,2.41,12.6992,80.0933,25,77.0
327,Carutapera,82,89,2.83,-1.195,-46.02,25,77.0
328,Winneba,90,100,2.71,5.3511,-0.6231,24,75.2
329,Suzun,77,19,2.34,53.7841,82.3116,0,32.0
330,Rome,82,0,0.89,43.2128,-75.4557,11,51.8
331,Datong,39,98,1.6,40.0936,113.2914,12,53.6
332,Miramar,84,0,2.57,25.9873,-80.2323,28,82.4
333,Barcelos,95,0,0.87,41.5388,-8.6151,17,62.6
334,Maryville,52,0,2.06,35.7565,-83.9705,15,59.0
335,Haines Junction,76,100,0.46,60.7522,-137.5108,0,32.0
336,Camacha,78,20,3.09,33.0833,-16.3333,19,66.2
337,Monte Escobedo,46,42,0.92,22.3,-103.5833,17,62.6
338,Zenzeli,90,100,3.49,45.9241,47.0474,12,53.6
339,Roald,66,100,3.6,62.5833,6.1333,10,50.0
340,Youhao,71,35,3.7,47.8667,128.8333,12,53.6
341,Faanui,72,1,5.6,-16.4833,-151.75,26,78.8
342,Cairns,58,40,6.69,-16.9167,145.7667,33,91.4
343,Esperance,64,0,1.51,-33.8667,121.9,15,59.0
344,Syedove,60,0,7.4,47.0768,38.156,6,42.8
345,Morro Bay,82,46,0.45,35.3658,-120.8499,21,69.8
346,Tuatapere,41,0,0.33,-46.1333,167.6833,17,62.6
347,Vestmannaeyjar,65,22,4.54,63.4427,-20.2734,4,39.2
348,Quixeré,72,20,3.61,-5.0742,-37.9886,25,77.0
349,Oddur,80,36,4.63,4.1213,43.8894,21,69.8
350,Srednekolymsk,90,100,3.2,67.45,153.6833,-9,15.8
351,San Miguel de Cozumel,89,100,3.09,20.5083,-86.9458,27,80.6
352,Mandalgovi,46,95,5.79,45.7625,106.2708,-1,30.2
353,Requena,49,12,1.67,39.4883,-1.1004,15,59.0
354,Limbang,76,100,1.36,4.75,115.0,29,84.2
355,Sawtell,43,0,6.69,-30.3833,153.1,22,71.6
356,San Jerónimo,67,100,1.63,-11.9472,-75.2829,12,53.6
357,Hatsukaichi,63,0,0.97,34.35,132.3333,21,69.8
358,Jérémie,77,100,0.49,18.65,-74.1167,26,78.8
359,Abu Dhabi,81,0,1.03,24.4667,54.3667,26,78.8
360,Klaksvík,69,99,9.7,62.2266,-6.589,6,42.8
361,Maridi,98,100,1.13,4.9158,29.4742,18,64.4
362,Karratha,26,0,3.06,-20.7377,116.8463,27,80.6
363,Brigantine,85,0,0.89,39.4101,-74.3646,16,60.8
364,Tazmalt,59,29,0.61,36.3868,4.3989,18,64.4
365,Port Hedland,20,6,5.66,-20.3167,118.5667,28,82.4
366,Ordu,90,100,0.17,40.9086,37.6845,9,48.2
367,Broken Hill,44,2,0.61,-31.95,141.4333,17,62.6
368,Kieta,60,72,2.06,-6.2167,155.6333,30,86.0
369,Alofi,85,22,6.7,-19.0595,-169.9187,25,77.0
370,Liaocheng,50,100,1.79,36.4439,115.9647,18,64.4
371,Lagoa,67,100,5.85,39.05,-27.9833,19,66.2
372,St. George's,83,20,4.12,12.0564,-61.7485,26,78.8
373,Talcahuano,82,0,4.63,-36.7167,-73.1167,12,53.6
374,Yeppoon,66,44,3.86,-23.1333,150.7333,28,82.4
375,Palmerston,61,40,2.06,-12.486,130.9833,33,91.4
376,Belmonte,87,22,2.32,-15.8631,-38.8828,22,71.6
377,Hofn,61,69,9.55,64.2539,-15.2082,4,39.2
378,San Patricio,66,28,5.57,28.017,-97.5169,27,80.6
379,Kimberley,17,90,4.76,-28.7323,24.7623,19,66.2
380,Pemba,80,1,3.06,-12.974,40.5178,22,71.6
381,Chicama,76,40,2.67,-7.8447,-79.1469,14,57.2
382,Denizli Province,76,69,0.27,37.8402,29.0698,16,60.8
383,Mocuba,59,2,1.46,-16.8392,36.9856,21,69.8
384,Manaus,78,0,1.03,-3.1019,-60.025,28,82.4
385,Vagay,75,100,2.05,57.9375,69.0217,7,44.6
386,Dryden,90,99,1.67,49.7833,-92.7503,0,32.0
387,Ghanzi,18,35,3.38,-21.5667,21.7833,22,71.6
388,Saint-François,68,75,3.09,46.4154,3.9054,17,62.6
389,Maxcanú,96,90,1.16,20.5833,-89.9833,23,73.4
390,Kabalo,36,100,0.52,-6.05,26.9167,21,69.8
391,Berlevåg,87,100,1.54,70.8578,29.0864,2,35.6
392,Hammerfest,81,40,3.09,70.6634,23.6821,5,41.0
393,Hailar,45,1,9.49,49.2,119.7,2,35.6
394,Gusinoye Ozero,68,15,4.4,51.1144,106.2614,0,32.0
395,Nome,56,0,7.2,64.5011,-165.4064,3,37.4
396,Salta,47,100,3.6,-24.7859,-65.4117,19,66.2
397,Pokhara,58,25,2.4,28.2333,83.9833,16,60.8
398,Cockburn Town,74,97,5.77,21.4612,-71.1419,28,82.4
399,Pauini,96,100,1.36,-7.7136,-66.9764,23,73.4
400,Chara,64,100,3.72,56.9064,118.2631,0,32.0
401,Dicabisagan,81,100,3.05,17.0818,122.4157,26,78.8
402,Zaragoza,63,0,1.34,41.6561,-0.8773,17,62.6
403,Evensk,67,29,3.75,61.95,159.2333,-2,28.4
404,Stokmarknes,75,40,1.54,68.5646,14.9108,2,35.6
405,Mahon,94,0,1.54,39.8885,4.2658,19,66.2
406,Thinadhoo,73,62,6.86,0.5333,72.9333,27,80.6
407,Pizhanka,89,100,4.04,57.4604,48.542,2,35.6
408,Darnah,78,69,11.14,32.767,22.6367,22,71.6
409,Coahuayana Viejo,91,100,0.55,18.7333,-103.6833,26,78.8
410,Poros,84,100,9.32,37.4994,23.4536,15,59.0
411,Bisira,98,100,0.71,8.5196,-81.7115,16,60.8
412,Ahome,67,4,4.54,25.9167,-109.1833,27,80.6
413,Vänersborg,93,75,3.6,58.3807,12.3234,10,50.0
414,Gizo Government Station,67,100,1.55,-8.103,156.8419,29,84.2
415,Poções,89,53,2.76,-14.5297,-40.3653,18,64.4
416,Pereslavl'-Zalesskiy,93,26,2.21,56.7393,38.8563,1,33.8
417,Cabo San Lucas,71,0,5.66,22.8909,-109.9124,27,80.6
418,Muli,81,99,8.65,2.9167,73.5667,26,78.8
419,Raudeberg,60,100,4.93,61.9875,5.1352,7,44.6
420,Saint-Joseph,74,19,4.75,-21.3667,55.6167,18,64.4
421,Araouane,13,13,3.25,18.9048,-3.5265,31,87.8
422,Baruun-Urt,40,100,6.01,46.6806,113.2792,0,32.0
423,Maceió,88,20,0.51,-9.6658,-35.7353,22,71.6
424,Anadyr,69,71,1.12,64.75,177.4833,0,32.0
425,Mana,90,81,4.28,5.6592,-53.7767,25,77.0
426,Hamilton,36,100,3.09,39.1834,-84.5333,15,59.0
427,Shwebo,84,14,2.04,22.5667,95.7,25,77.0
428,Okha,62,99,2.68,53.5739,142.9478,8,46.4
429,América Dourada,55,0,6.46,-11.4553,-41.4361,21,69.8
430,Svarstad,56,100,2.68,59.399,9.9698,11,51.8
431,Mnogovershinnyy,54,17,1.12,53.9353,139.9242,6,42.8
432,Rio Verde de Mato Grosso,62,90,3.01,-18.9181,-54.8442,25,77.0
433,Santa Rosa de Lima,95,96,0.55,13.6247,-87.8936,24,75.2
434,Portland,47,20,2.57,45.5234,-122.6762,26,78.8
435,Ormara,62,5,2.22,25.2088,64.6357,26,78.8
436,Port Hardy,87,38,1.72,50.6996,-127.4199,13,55.4
437,Barão de Melgaço,59,22,1.85,-16.1944,-55.9675,25,77.0
438,Enid,31,0,5.66,36.3956,-97.8784,25,77.0
439,Bambanglipuro,77,92,3.35,-7.95,110.2833,26,78.8
440,Vanavara,86,88,1.97,60.34,102.2797,-1,30.2
441,Ransang,75,100,5.03,8.9603,117.5828,28,82.4
442,Vieques,78,20,2.06,18.425,-65.8329,28,82.4
443,Zaterechnyy,93,96,1.4,44.7931,45.2097,13,55.4
444,Binga,39,0,0.61,-17.6203,27.3414,22,71.6
445,Sandy Bay,65,75,7.2,-42.913,147.3532,15,59.0
446,Yerbogachën,81,8,1.81,61.2767,108.0108,-2,28.4
447,Dudinka,98,100,6.26,69.4058,86.1778,0,32.0
448,Nago,82,100,6.21,26.5881,127.9761,28,82.4
449,Tiarei,76,6,3.54,-17.5333,-149.3333,28,82.4
450,Ojinaga,44,0,0.0,29.5667,-104.4167,28,82.4
451,Middleton,93,58,2.46,53.55,-2.2,10,50.0
452,Xai-Xai,93,4,3.25,-25.0519,33.6442,20,68.0
453,Arari,80,10,2.26,-3.4536,-44.78,25,77.0
454,Tamandaré,81,4,2.94,-8.7597,-35.1047,23,73.4
455,Bucerías,74,100,3.09,20.75,-105.3333,28,82.4
456,Ko Samui,76,93,4.06,9.5357,99.9357,27,80.6
457,Torres,81,100,4.47,-29.3353,-49.7269,15,59.0
458,Ust'-Kulom,94,97,2.38,61.6864,53.6902,3,37.4
459,Nísia Floresta,81,5,4.25,-6.0911,-35.2086,24,75.2
460,Tomatlán,89,13,0.83,19.9333,-105.25,25,77.0
461,Cayenne,83,0,2.57,4.9333,-52.3333,27,80.6
462,Erzincan Province,93,75,0.51,39.75,39.5,10,50.0
463,Örnsköldsvik,100,100,1.54,63.2909,18.7153,6,42.8
464,Vostochnyy,84,19,1.85,55.8167,37.8667,5,41.0
465,Pacific Grove,92,100,2.24,36.6177,-121.9166,15,59.0
466,Brookhaven,45,0,1.57,31.5791,-90.4407,17,62.6
467,Biak,66,100,1.97,-0.9131,122.8766,28,82.4
468,Terrace,98,100,0.3,54.5163,-128.6035,13,55.4
469,Nelson Bay,61,0,1.34,-32.7167,152.15,20,68.0
470,Bontang,77,100,2.16,0.1333,117.5,27,80.6
471,Sobolevo,87,66,3.13,54.4299,31.8996,2,35.6
472,Bud,35,100,1.82,39.447,-86.1758,17,62.6
473,São João da Barra,89,10,4.61,-21.6403,-41.0511,22,71.6
474,Lata,97,19,1.12,40.1629,-8.3327,13,55.4
475,Karla,93,40,3.6,59.3723,24.9275,9,48.2
476,Douentza,44,94,4.05,14.9951,-2.9517,30,86.0
477,Nogliki,73,100,4.8,51.8333,143.1667,8,46.4
478,Iranshahr,25,0,1.46,27.2025,60.6848,22,71.6
479,Vehari,31,0,1.25,30.0333,72.35,20,68.0
480,Jiuquan,27,7,1.83,39.7432,98.5174,9,48.2
481,Peterhead,72,7,8.41,57.5058,-1.7981,1,33.8
482,Katsuura,78,98,7.79,35.1333,140.3,22,71.6
483,Illapel,57,0,0.54,-31.6308,-71.1653,16,60.8
484,Puerto Nariño,99,100,0.76,-3.7703,-70.3831,23,73.4
485,Punta Alta,57,11,5.13,-38.8759,-62.0736,9,48.2
486,Spornoye,74,15,0.27,50.8448,37.2913,2,35.6
487,Mankono,96,99,1.57,8.0586,-6.1897,21,69.8
488,Kargopol',95,100,2.18,61.5071,38.9456,5,41.0
489,Benton Harbor,42,100,7.72,42.1167,-86.4542,14,57.2
490,Lima,77,0,7.2,-12.0432,-77.0282,14,57.2
491,Souillac,78,21,4.84,-20.5167,57.5167,20,68.0
492,Fort-Shevchenko,70,100,6.41,44.5086,50.263,14,57.2
493,Sikonge,35,87,3.26,-5.6333,32.7667,19,66.2
494,Latung,72,100,1.49,5.5,120.8833,28,82.4
495,Brae,66,9,6.51,60.3964,-1.353,8,46.4
496,Muros,94,86,3.38,42.7762,-9.0603,18,64.4
497,Santa Cruz de la Sierra,91,38,0.69,-17.8,-63.1667,19,66.2
498,Tyup,26,99,1.03,42.7276,78.3648,7,44.6
499,Pisco,77,0,7.72,-13.7,-76.2167,16,60.8
500,Naryan-Mar,92,100,3.3,67.6713,53.087,3,37.4
501,La Rioja,62,0,3.47,42.25,-2.5,6,42.8
502,Jacareacanga,93,100,0.85,-6.2222,-57.7528,23,73.4
503,Pringsewu,73,73,3.43,-5.3582,104.9744,26,78.8
504,Torbay,88,100,1.79,47.6666,-52.7314,9,48.2
505,Peniche,95,16,5.47,39.3558,-9.3811,16,60.8
506,Petrovsk-Zabaykal'skiy,70,100,5.54,51.273,108.843,0,32.0
507,Eston,45,100,8.23,51.1501,-108.7514,16,60.8
508,Churapcha,93,100,0.57,62.0025,132.4325,-1,30.2
509,Poienile de sub Munte,94,29,1.1,47.8167,24.4333,6,42.8
510,Kenora,91,100,1.47,49.8167,-94.4337,2,35.6
511,Rakitnoye,75,24,1.1,50.8389,35.8515,3,37.4
512,Llanes,71,0,1.66,43.4198,-4.7549,19,66.2
513,Guangyuan,79,100,1.33,32.442,105.823,15,59.0
514,Hervey Bay,69,70,4.02,-25.2986,152.8535,25,77.0
515,Sept-Îles,89,100,7.6,50.2001,-66.3821,9,48.2
516,Shelopugino,69,99,8.06,51.6514,117.5599,0,32.0
517,Piranhas,30,89,3.44,-16.4269,-51.8222,27,80.6
518,San Policarpo,64,13,4.37,12.1791,125.5072,30,86.0
519,Boyolangu,83,92,3.6,-8.1181,111.8935,25,77.0
520,Aklavik,57,100,2.44,68.2191,-135.0107,-3,26.6
521,Nchelenge,36,93,3.33,-9.3451,28.734,21,69.8
522,Watrous,31,100,3.01,51.6668,-105.4679,7,44.6
523,Buala,60,100,0.92,-8.145,159.5921,29,84.2
524,Olopa,96,85,1.12,14.6833,-89.35,18,64.4
525,Baie-Comeau,94,100,8.75,49.2168,-68.1489,11,51.8
526,Goulburn,64,2,5.75,-34.75,149.7167,14,57.2
527,Broome,74,2,1.47,42.2506,-75.833,10,50.0
528,Sarankhola,91,7,1.63,22.3082,89.7897,25,77.0
529,Pangai,82,0,5.45,-19.8,-174.35,25,77.0
530,Zlobin,72,0,0.51,45.2924,14.6541,11,51.8
531,Nanzhang,56,77,1.97,31.7765,111.8386,21,69.8
532,Kitob,22,21,1.37,39.0843,66.8332,17,62.6
533,Orlik,70,17,1.16,52.5178,99.825,-7,19.4
534,Kandi,89,100,2.01,11.1342,2.9386,21,69.8
535,Abonnema,93,100,0.89,4.7084,6.7931,22,71.6
536,Bairiki Village,66,20,5.14,1.3292,172.9752,30,86.0
537,San Javier,58,0,0.89,37.8063,-0.8374,19,66.2
538,Muisne,80,95,3.14,0.6,-80.0333,23,73.4
539,Mayo,84,0,0.0,38.8876,-76.5119,15,59.0
540,Zaraza,86,5,1.89,9.3503,-65.3245,23,73.4
541,Bonfim,73,76,1.54,3.0833,-59.95,26,78.8
542,Panji,65,53,1.15,-7.7253,114.0995,28,82.4
543,Caraballeda,78,20,1.03,10.6112,-66.8522,27,80.6
544,Kargasok,86,100,4.8,59.0556,80.8572,0,32.0
545,Carnarvon,49,0,7.03,-24.8667,113.6333,21,69.8
546,Fowa,95,56,1.1,8.9167,6.4,23,73.4
547,Hienghène,57,31,2.86,-20.6833,164.9333,24,75.2
548,Chapais,79,65,1.87,49.7834,-74.8492,6,42.8
549,Jerantut,86,37,0.18,3.936,102.3626,25,77.0
550,Baoqing,57,0,2.23,46.3317,132.2111,15,59.0
551,Anshun,71,100,3.39,26.25,105.9333,13,55.4
552,Kumul,38,6,3.29,42.8,93.45,11,51.8
553,Konyshevka,75,73,1.33,51.8418,35.2941,2,35.6
554,Winnemucca,10,0,1.54,40.973,-117.7357,24,75.2
555,Mitsamiouli,78,0,3.68,-11.3847,43.2844,23,73.4
556,Shimoda,78,58,6.63,34.6667,138.95,20,68.0
557,Nizhnyaya Omka,61,98,2.82,55.4338,74.9426,3,37.4
558,Catuday,74,97,5.99,16.2923,119.8062,27,80.6
559,Belaya Gora,83,100,2.28,68.5333,146.4167,-10,14.0
560,Conceição do Mato Dentro,72,9,0.35,-19.0372,-43.425,18,64.4
561,Brookings,63,92,3.19,44.3114,-96.7984,4,39.2
562,Waddān,68,0,4.6,29.1614,16.139,20,68.0
563,Maniitsoq,57,51,3.66,65.4167,-52.9,-2,28.4
564,Mikhaylovka,84,19,3.0,50.06,43.2379,1,33.8
565,Fort Nelson,50,75,1.54,58.8053,-122.7002,3,37.4
566,Parfino,88,100,2.92,57.9731,31.6481,5,41.0
567,Sabang,80,99,8.4,5.8933,95.3214,27,80.6
568,Djambala,95,100,1.86,-2.5447,14.7533,19,66.2
569,Kokomo,34,100,7.2,40.4864,-86.1336,16,60.8
570,Dwārka,65,6,4.42,22.2394,68.9678,27,80.6
571,Vallenar,61,0,1.4,-28.5708,-70.7581,16,60.8
572,Caravelas,82,9,2.77,-17.7125,-39.2481,23,73.4
573,Nyūzen,78,98,2.37,36.9333,137.5,23,73.4
574,Orcopampa,26,89,1.25,-15.2661,-72.3417,8,46.4
575,Divnomorskoye,73,0,5.67,44.5011,38.1353,9,48.2
